<?xml version="1.0" encoding="utf-8"?>
<eml:eml xmlns:eml="eml://ecoinformatics.org/eml-2.1.1" xmlns:xsi="http://www.w3.org/2001/XMLSchema-instance"
         xsi:schemaLocation="eml://ecoinformatics.org/eml-2.1.1 http://rs.gbif.org/schema/eml-gbif-profile/1.1/eml.xsd"
        packageId="1c403d2c-5c37-4237-9746-8ed539b9ba15"  system="http://gbif.org" scope="system"
  xml:lang="fr">

<dataset>
      <alternateIdentifier>10.15468/rwului</alternateIdentifier>
        <alternateIdentifier>http://ipt.gbif.fr/resource?r=nice_animaux_marins_et_plantes</alternateIdentifier>
        <alternateIdentifier>1c403d2c-5c37-4237-9746-8ed539b9ba15</alternateIdentifier>
        <alternateIdentifier>http://lully.snv.jussieu.fr:8080/ipt/resource.do?id=nice_animaux_marins_et_plantes</alternateIdentifier>
        <alternateIdentifier>13733</alternateIdentifier>
    <title>Collection d&apos;animaux marins et plantes du Museum d&apos;Histoire Naturelle de Nice</title>
    <creator>
    <individualName>
<givenName>Olivier</givenName>          <surName>Gerriet</surName>
    </individualName>
<organizationName>Muséum d&apos;Histoire naturelle de Nice</organizationName><positionName>Administrator</positionName>    <address>
<deliveryPoint>60 boulevard Risso</deliveryPoint><city>Nice</city><postalCode>6300</postalCode>    </address>
<phone>+33 (0)4 97 13 44 82</phone><electronicMailAddress>olivier.gerriet@ville-nice.fr</electronicMailAddress>    </creator>
    <metadataProvider>
    <individualName>
<givenName>Olivier</givenName>          <surName>Gerriet</surName>
    </individualName>
<organizationName>Muséum d&apos;Histoire naturelle de Nice</organizationName><positionName>Administrator</positionName>    <address>
<deliveryPoint>60 boulevard Risso</deliveryPoint><city>Nice</city><postalCode>6300</postalCode>    </address>
<phone>+33 (0)4 97 13 44 82</phone><electronicMailAddress>olivier.gerriet@ville-nice.fr</electronicMailAddress>    </metadataProvider>
    <associatedParty>
    <individualName>
          <surName>GBIF France</surName>
    </individualName>
<organizationName>GBIF France</organizationName><positionName>IT support</positionName>    <address>
<deliveryPoint>GBIF France - MNHN Géologie CP48, 43 rue Buffon</deliveryPoint><city>Paris</city><administrativeArea>Île-de-France</administrativeArea><postalCode>75005</postalCode><country>FRANCE</country>    </address>
<phone>+33140798065</phone><electronicMailAddress>connexion@gbif.fr</electronicMailAddress>    <role>DISTRIBUTOR</role>
    </associatedParty>
      <pubDate>
      2018-09-13
      </pubDate>
    <language>FRENCH</language>
    <abstract>
        <para>Animaux marins et plantes / Marine species and plants</para>
    </abstract>
        <keywordSet>
              <keyword>Occurrence</keyword>
              <keywordThesaurus>GBIF Dataset Type Vocabulary: http://rs.gbif.org/vocabulary/gbif/dataset_type.xml</keywordThesaurus>
        </keywordSet>
      <intellectualRights>
        <para>This work is licensed under a <ulink url="http://creativecommons.org/licenses/by-nc/4.0/legalcode"><citetitle>Creative Commons Attribution Non Commercial (CC-BY-NC) 4.0 License</citetitle></ulink>.</para>
      </intellectualRights>
      <maintenance>
          <description>
              <para></para>
          </description>
          <maintenanceUpdateFrequency>unkown</maintenanceUpdateFrequency>
      </maintenance>
      <contact>
    <individualName>
<givenName>Olivier</givenName>          <surName>Gerriet</surName>
    </individualName>
<organizationName>Muséum d&apos;Histoire naturelle de Nice</organizationName><positionName>Administrator</positionName>    <address>
<deliveryPoint>60 boulevard Risso</deliveryPoint><city>Nice</city><postalCode>6300</postalCode><country>FRANCE</country>    </address>
<phone>+33 (0)4 97 13 44 82</phone><electronicMailAddress>olivier.gerriet@ville-nice.fr</electronicMailAddress>      </contact>

</dataset>

<additionalMetadata>
    <metadata>
      <gbif>
        <dateStamp>2022-09-05T14:31:33Z</dateStamp>
      <citation>Gerriet O (2018). Collection d&apos;animaux marins et plantes du Museum d&apos;Histoire Naturelle de Nice. Version 1.1. Muséum d&apos;Histoire Naturelle de Nice. Occurrence dataset https://doi.org/10.15468/rwului accessed via GBIF.org on 2022-09-05.</citation>
      </gbif>
    </metadata>
</additionalMetadata>

</eml:eml>
