<?xml version="1.0" encoding="utf-8"?>
<eml:eml xmlns:eml="eml://ecoinformatics.org/eml-2.1.1" xmlns:xsi="http://www.w3.org/2001/XMLSchema-instance"
         xsi:schemaLocation="eml://ecoinformatics.org/eml-2.1.1 http://rs.gbif.org/schema/eml-gbif-profile/1.1/eml.xsd"
        packageId="42da6224-6935-4b36-9d58-7728064f6fe8"  system="http://gbif.org" scope="system"
  xml:lang="fr">

<dataset>
      <alternateIdentifier>10.15468/kwgtkf</alternateIdentifier>
        <alternateIdentifier>42da6224-6935-4b36-9d58-7728064f6fe8</alternateIdentifier>
        <alternateIdentifier>https://ipt.recolnat.org/resource?r=erecolnat_mhnlm-pal</alternateIdentifier>
    <title>Muséum d’histoire naturelle du Mans</title>
    <creator>
    <individualName>
<givenName>Alice</givenName>          <surName>Gandin</surName>
    </individualName>
<organizationName>Musée de Tessé</organizationName><positionName>Directrice des musées du Mans</positionName>    <address>
<deliveryPoint>2 avenue de Paderborn</deliveryPoint><city>Le Mans</city><postalCode>72000</postalCode><country>FRANCE</country>    </address>
<phone>02.43.47.38.51</phone><electronicMailAddress>alice.gandin@lemans.fr</electronicMailAddress>    </creator>
    <metadataProvider>
    <individualName>
<givenName>Flavien</givenName>          <surName>Dublanchet</surName>
    </individualName>
<organizationName>Musée de Tessé</organizationName><positionName>Responsable des bases de données des musées</positionName>    <address>
<deliveryPoint>2 avenue de Paderborn</deliveryPoint><city>Le Mans</city><postalCode>72000</postalCode><country>FRANCE</country>    </address>
<phone>02.43.47.38.51</phone><electronicMailAddress>flavien.dublanchet@lemans.fr</electronicMailAddress>    </metadataProvider>
      <pubDate>
      2021-12-09
      </pubDate>
    <language>ENGLISH</language>
    <abstract>
        <para>Le Muséum d’histoire naturelle du Mans conserve 450.000 spécimens dans ses collections. Il est particulièrement riche dans la paléontologie du Mésozoïque de l’Ouest du Bassin Parisien, notamment pour le Cénomanien dont le stratotype a été décrit au Mans. Ses collections de fossiles comprennent actuellement 1200 types et figurés. Son fonds comprend également la collection Maulny, cabinet de curiosité daté de la fin du 18e siècle parmi les mieux conservés en France. Les autres collections sont centrées sur la Sarthe, la Mayenne et la Basse-Normandie.</para>
    </abstract>
        <keywordSet>
              <keyword>occurrences</keyword>
              <keyword>botanique</keyword>
              <keyword>musées</keyword>
              <keyword>RECOLNAT

Natural history museums</keyword>
              <keyword>réseau national des collections naturalistes</keyword>
              <keyword>naturalist collections</keyword>
              <keyword>géologie</keyword>
              <keyword>botany</keyword>
              <keyword>figured</keyword>
              <keyword>onymophoronts</keyword>
              <keyword>taxonomy</keyword>
              <keyword>palaeontology</keyword>
              <keyword>geology</keyword>
              <keyword>data curation</keyword>
              <keyword>ecology</keyword>
              <keyword>museums</keyword>
              <keyword>universities</keyword>
              <keyword>RECOLNAT</keyword>
              <keyword>collections</keyword>
              <keyword>spécimens</keyword>
              <keyword>biogéographie</keyword>
              <keyword>numérisation</keyword>
              <keyword>paléontologie</keyword>
              <keyword>universités</keyword>
              <keyword>écologie</keyword>
              <keyword>types</keyword>
              <keyword>mycologie</keyword>
              <keyword>biodiversity</keyword>
              <keyword>collecteurs</keyword>
              <keyword>taxinomie</keyword>
              <keyword>biogeography</keyword>
              <keyword>naturalists</keyword>
              <keyword>specimens</keyword>
              <keyword>collections naturalistes</keyword>
              <keyword>French National Network of Naturalist Collections</keyword>
              <keyword>figuré</keyword>
              <keyword>digitisation</keyword>
              <keyword>Muséums d’histoire naturelle</keyword>
              <keyword>onymophorontes</keyword>
              <keyword>biodiversité</keyword>
              <keyword>collectors</keyword>
              <keyword>zoologie</keyword>
              <keyword>naturalistes</keyword>
              <keyword>informatisation</keyword>
              <keyword>mycology</keyword>
              <keyword>zoology</keyword>
              <keywordThesaurus>GBIF Dataset Type Vocabulary: http://rs.gbif.org/vocabulary/gbif/dataset_type_2015-07-10.xml</keywordThesaurus>
        </keywordSet>
        <keywordSet>
              <keyword>occurrences</keyword>
              <keyword>botanique</keyword>
              <keyword>musées</keyword>
              <keyword>RECOLNAT

Natural history museums</keyword>
              <keyword>réseau national des collections naturalistes</keyword>
              <keyword>naturalist collections</keyword>
              <keyword>géologie</keyword>
              <keyword>botany</keyword>
              <keyword>figured</keyword>
              <keyword>onymophoronts</keyword>
              <keyword>taxonomy</keyword>
              <keyword>palaeontology</keyword>
              <keyword>geology</keyword>
              <keyword>data curation</keyword>
              <keyword>ecology</keyword>
              <keyword>museums</keyword>
              <keyword>universities</keyword>
              <keyword>RECOLNAT</keyword>
              <keyword>collections</keyword>
              <keyword>spécimens</keyword>
              <keyword>biogéographie</keyword>
              <keyword>numérisation</keyword>
              <keyword>paléontologie</keyword>
              <keyword>universités</keyword>
              <keyword>écologie</keyword>
              <keyword>types</keyword>
              <keyword>mycologie</keyword>
              <keyword>biodiversity</keyword>
              <keyword>collecteurs</keyword>
              <keyword>taxinomie</keyword>
              <keyword>biogeography</keyword>
              <keyword>naturalists</keyword>
              <keyword>specimens</keyword>
              <keyword>collections naturalistes</keyword>
              <keyword>French National Network of Naturalist Collections</keyword>
              <keyword>figuré</keyword>
              <keyword>digitisation</keyword>
              <keyword>Muséums d’histoire naturelle</keyword>
              <keyword>onymophorontes</keyword>
              <keyword>biodiversité</keyword>
              <keyword>collectors</keyword>
              <keyword>zoologie</keyword>
              <keyword>naturalistes</keyword>
              <keyword>informatisation</keyword>
              <keyword>mycology</keyword>
              <keyword>zoology</keyword>
              <keywordThesaurus>GBIF Dataset Subtype Vocabulary: http://rs.gbif.org/vocabulary/gbif/dataset_subtype.xml</keywordThesaurus>
        </keywordSet>
      <intellectualRights>
        <para>This work is licensed under a <ulink url="http://creativecommons.org/licenses/by-nc/4.0/legalcode"><citetitle>Creative Commons Attribution Non Commercial (CC-BY-NC) 4.0 License</citetitle></ulink>.</para>
      </intellectualRights>
      <coverage>
            <geographicCoverage>
                  <geographicDescription>Global coverage</geographicDescription>
                  <boundingCoordinates>
                      <westBoundingCoordinate>-180</westBoundingCoordinate>
                      <eastBoundingCoordinate>180</eastBoundingCoordinate>
                      <northBoundingCoordinate>90</northBoundingCoordinate>
                      <southBoundingCoordinate>-90</southBoundingCoordinate>
                  </boundingCoordinates>
            </geographicCoverage>
      </coverage>
      <maintenance>
          <description>
              <para></para>
          </description>
          <maintenanceUpdateFrequency>unkown</maintenanceUpdateFrequency>
      </maintenance>
      <contact>
    <individualName>
<givenName>Nicolas</givenName>          <surName>Morel</surName>
    </individualName>
<organizationName>Musée Vert</organizationName><positionName>Responsable des collections de naturalias, sciences et techniques</positionName>    <address>
<deliveryPoint>204 avenue Jean Jaurès</deliveryPoint><city>Le Mans</city><postalCode>72100</postalCode><country>FRANCE</country>    </address>
<phone>02.43.47.39.94</phone><electronicMailAddress>nicolas.morel@lemans.fr</electronicMailAddress>      </contact>
      <methods>
            <methodStep>
                <description>
                    <para></para>
                </description>
            </methodStep>
      </methods>

      <project >
          <title>Muséum d’histoire naturelle du Mans</title>
          <personnel>
    <individualName>
<givenName>Nicolas</givenName>          <surName>Morel</surName>
    </individualName>
    <role>ADMINISTRATIVE_POINT_OF_CONTACT</role>
          </personnel>
          <abstract>
              <para></para>
          </abstract>
          <funding>
              <para></para>
          </funding>
      </project>
</dataset>

<additionalMetadata>
    <metadata>
      <gbif>
        <dateStamp>2022-09-05T14:31:38Z</dateStamp>
      <citation>Gandin A, Dublanchet F (2021). Muséum d’histoire naturelle du Mans. Version 1.3. RECOLNAT. Occurrence dataset https://doi.org/10.15468/kwgtkf accessed via GBIF.org on 2022-09-05.</citation>
              <resourceLogoUrl>https://ipt.recolnat.org/logo.do?r=erecolnat_mhnlm-pal</resourceLogoUrl>
      </gbif>
    </metadata>
</additionalMetadata>

</eml:eml>
