<?xml version="1.0" encoding="utf-8"?>
<eml:eml xmlns:eml="eml://ecoinformatics.org/eml-2.1.1" xmlns:xsi="http://www.w3.org/2001/XMLSchema-instance"
         xsi:schemaLocation="eml://ecoinformatics.org/eml-2.1.1 http://rs.gbif.org/schema/eml-gbif-profile/1.1/eml.xsd"
        packageId="47cac062-7224-4570-8141-c822320627fd"  system="http://gbif.org" scope="system"
  xml:lang="en">

<dataset>
      <alternateIdentifier>10.15468/956zqa</alternateIdentifier>
        <alternateIdentifier>47cac062-7224-4570-8141-c822320627fd</alternateIdentifier>
        <alternateIdentifier>https://depo.msu.ru/ipt/resource?r=backlog</alternateIdentifier>
    <title>&quot;Flora of Russia&quot; on iNaturalist: a trusted backlog</title>
    <creator>
    <individualName>
<givenName>S.A.</givenName>          <surName>Svirin</surName>
    </individualName>
    </creator>
    <creator>
    <individualName>
<givenName>I.N.</givenName>          <surName>Pospelov</surName>
    </individualName>
    </creator>
    <creator>
    <individualName>
<givenName>N.N.</givenName>          <surName>Panasenko</surName>
    </individualName>
    </creator>
    <creator>
    <individualName>
<givenName>Alexey P.</givenName>          <surName>Seregin</surName>
    </individualName>
<organizationName>Lomonosov Moscow State University</organizationName><positionName>Dr. Sci.</positionName>    <address>
<deliveryPoint>Leninskie Gory 1</deliveryPoint><city>Moscow</city><postalCode>119234</postalCode><country>RUSSIAN_FEDERATION</country>    </address>
<phone>+7 (926) 369-9935</phone><electronicMailAddress>botanik.seregin@gmail.com</electronicMailAddress><onlineUrl>https://istina.msu.ru/profile/Allium/</onlineUrl>      <userId directory="http://scholar.google.com/citations?user=">34fmTxcAAAAJ</userId>
    </creator>
    <creator>
    <individualName>
<givenName>D.S.</givenName>          <surName>Shilnikov</surName>
    </individualName>
    </creator>
    <creator>
    <individualName>
<givenName>P.A.</givenName>          <surName>Golyakov</surName>
    </individualName>
    </creator>
    <creator>
    <individualName>
<givenName>S.</givenName>          <surName>Nesterova</surName>
    </individualName>
    </creator>
    <creator>
    <individualName>
<givenName>P.A.</givenName>          <surName>Kosachev</surName>
    </individualName>
    </creator>
    <creator>
    <individualName>
<givenName>D.G.</givenName>          <surName>Chimitov</surName>
    </individualName>
    </creator>
    <creator>
    <individualName>
<givenName>E.G.</givenName>          <surName>Suslova</surName>
    </individualName>
    </creator>
    <creator>
    <individualName>
<givenName>Alexander L.</givenName>          <surName>Ebel</surName>
    </individualName>
    </creator>
    <creator>
    <individualName>
<givenName>N.S.</givenName>          <surName>Gamova</surName>
    </individualName>
    </creator>
    <creator>
    <individualName>
<givenName>S.V.</givenName>          <surName>Dudov</surName>
    </individualName>
    </creator>
    <creator>
    <individualName>
<givenName>A.I.</givenName>          <surName>Pyak</surName>
    </individualName>
    </creator>
    <metadataProvider>
    <individualName>
<givenName>Alexey P.</givenName>          <surName>Seregin</surName>
    </individualName>
<organizationName>Lomonosov Moscow State University</organizationName><positionName>Dr. Sci.</positionName>    <address>
<deliveryPoint>Leninskie Gory 1</deliveryPoint><city>Moscow</city><postalCode>119234</postalCode><country>RUSSIAN_FEDERATION</country>    </address>
<phone>+7 (926) 369-9935</phone><electronicMailAddress>botanik.seregin@gmail.com</electronicMailAddress><onlineUrl>https://istina.msu.ru/profile/Allium/</onlineUrl>      <userId directory="http://scholar.google.com/citations?user=">34fmTxcAAAAJ</userId>
    </metadataProvider>
    <associatedParty>
    <individualName>
<givenName>Alexey P.</givenName>          <surName>Seregin</surName>
    </individualName>
<organizationName>Lomonosov Moscow State University</organizationName><positionName>Dr. Sci.</positionName>    <address>
<deliveryPoint>Leninskie Gory 1</deliveryPoint><city>Moscow</city><postalCode>119234</postalCode><country>RUSSIAN_FEDERATION</country>    </address>
<phone>+7 (926) 369-9935</phone><electronicMailAddress>botanik.seregin@gmail.com</electronicMailAddress><onlineUrl>https://istina.msu.ru/profile/Allium/</onlineUrl>      <userId directory="http://scholar.google.com/citations?user=">34fmTxcAAAAJ</userId>
    <role>EDITOR</role>
    </associatedParty>
      <pubDate>
      2021-09-30
      </pubDate>
    <language>ENGLISH</language>
    <abstract>
        <para>This is a backlog of unverified observations from the &amp;#34;Flora of Russia&amp;#34; project on iNaturalist. It includes only field records from the selected members of a professional community (co-authors of the dataset). Their observations are identified with high confidence, but could not be verified at the moment due to lack of expertise.</para>
        <para>The aim of the dataset is to enable access to high-quality data which are not currently indexed in GBIF, including dozens of rarities. Verified records will be consequently excluded on irregular basis and indexed in https://doi.org/10.15468/ab3s5x.</para>
    </abstract>
        <keywordSet>
              <keyword>Occurrence</keyword>
              <keywordThesaurus>GBIF Dataset Type Vocabulary: http://rs.gbif.org/vocabulary/gbif/dataset_type.xml</keywordThesaurus>
        </keywordSet>
        <keywordSet>
              <keyword>Observation</keyword>
              <keywordThesaurus>GBIF Dataset Subtype Vocabulary: http://rs.gbif.org/vocabulary/gbif/dataset_subtype.xml</keywordThesaurus>
        </keywordSet>
      <intellectualRights>
        <para>This work is licensed under a <ulink url="http://creativecommons.org/licenses/by/4.0/legalcode"><citetitle>Creative Commons Attribution (CC-BY) 4.0 License</citetitle></ulink>.</para>
      </intellectualRights>
      <coverage>
            <geographicCoverage>
                  <geographicDescription>Russian Federation</geographicDescription>
                  <boundingCoordinates>
                      <westBoundingCoordinate>19</westBoundingCoordinate>
                      <eastBoundingCoordinate>-168</eastBoundingCoordinate>
                      <northBoundingCoordinate>82</northBoundingCoordinate>
                      <southBoundingCoordinate>40</southBoundingCoordinate>
                  </boundingCoordinates>
            </geographicCoverage>
              <taxonomicCoverage>
                    <taxonomicClassification>
                          <taxonRankName>Phylum</taxonRankName>
                        <taxonRankValue>Tracheophyta</taxonRankValue>
                    </taxonomicClassification>
              </taxonomicCoverage>
      </coverage>
      <maintenance>
          <description>
              <para></para>
          </description>
          <maintenanceUpdateFrequency>irregular</maintenanceUpdateFrequency>
      </maintenance>
      <contact>
    <individualName>
<givenName>Alexey P.</givenName>          <surName>Seregin</surName>
    </individualName>
<organizationName>Lomonosov Moscow State University</organizationName><positionName>Dr. Sci.</positionName>    <address>
<deliveryPoint>Leninskie Gory 1</deliveryPoint><city>Moscow</city><postalCode>119234</postalCode><country>RUSSIAN_FEDERATION</country>    </address>
<phone>+7 (926) 369-9935</phone><electronicMailAddress>botanik.seregin@gmail.com</electronicMailAddress><onlineUrl>https://istina.msu.ru/profile/Allium/</onlineUrl>      <userId directory="http://scholar.google.com/citations?user=">34fmTxcAAAAJ</userId>
      </contact>

</dataset>

<additionalMetadata>
    <metadata>
      <gbif>
        <dateStamp>2022-09-05T14:31:38Z</dateStamp>
      <citation>Svirin S, Pospelov I, Panasenko N, Seregin A P, Shilnikov D, Golyakov P, Nesterova S, Kosachev P, Chimitov D, Suslova E, Ebel A L, Gamova N, Dudov S, Pyak A (2021). &quot;Flora of Russia&quot; on iNaturalist: a trusted backlog. Version 1.4. Lomonosov Moscow State University. Occurrence dataset https://doi.org/10.15468/956zqa accessed via GBIF.org on 2022-09-05.</citation>
              <resourceLogoUrl>https://depo.msu.ru/ipt/logo.do?r=backlog</resourceLogoUrl>
      </gbif>
    </metadata>
</additionalMetadata>

</eml:eml>
