<?xml version="1.0" encoding="utf-8"?>
<eml:eml xmlns:eml="eml://ecoinformatics.org/eml-2.1.1" xmlns:xsi="http://www.w3.org/2001/XMLSchema-instance"
         xsi:schemaLocation="eml://ecoinformatics.org/eml-2.1.1 http://rs.gbif.org/schema/eml-gbif-profile/1.1/eml.xsd"
        packageId="55a29b7c-9cb3-4721-b1e3-40561c955e21"  system="http://gbif.org" scope="system"
  xml:lang="en">

<dataset>
      <alternateIdentifier>10.5886/srzbj7</alternateIdentifier>
        <alternateIdentifier>https://data.canadensys.net/ipt/resource?r=mtmg-specimens</alternateIdentifier>
        <alternateIdentifier>55a29b7c-9cb3-4721-b1e3-40561c955e21</alternateIdentifier>
        <alternateIdentifier>http://data.canadensys.net/ipt/resource?r=mtmg-specimens</alternateIdentifier>
    <title>McGill University Herbarium Database</title>
    <creator>
    <individualName>
<givenName>Marcia</givenName>          <surName>Waterway</surName>
    </individualName>
<organizationName>McGill University Herbarium</organizationName><positionName>Associate Professor (retired)</positionName>    <address>
<deliveryPoint>Plant Science Dept., 21,111 Lakeshore Road</deliveryPoint><city>Ste-Anne-de-Bellevue</city><administrativeArea>Quebec</administrativeArea><postalCode>H9X 3V9</postalCode><country>CANADA</country>    </address>
<phone>5147577864</phone><electronicMailAddress>marcia.waterway@mcgill.ca</electronicMailAddress>    </creator>
    <creator>
    <individualName>
<givenName>Kyle</givenName>          <surName>Martins</surName>
    </individualName>
<organizationName>McGill University Herbarium</organizationName><positionName>Database manager</positionName>    <address>
<deliveryPoint>21,111 Lakeshore Road</deliveryPoint><city>Ste-Anne-de-Bellevue</city><administrativeArea>Quebec</administrativeArea><postalCode>H9X 3V9</postalCode><country>CANADA</country>    </address>
<phone>5149727891</phone><electronicMailAddress>kyle.tmartins@gmail.com</electronicMailAddress>    </creator>
    <creator>
    <individualName>
<givenName>Guillaume</givenName>          <surName>Larocque</surName>
    </individualName>
<organizationName>Quebec Centre for Biodiversity Sciences</organizationName><positionName>Research Professional</positionName>    <address>
<deliveryPoint>Biology Dept., McGill, 1205 ave Dr. Penfield</deliveryPoint><city>Montreal</city><administrativeArea>Quebec</administrativeArea><postalCode>H3A 1B1</postalCode><country>CANADA</country>    </address>
<phone>5143878719</phone><electronicMailAddress>guillaume.larocque@mcill.ca</electronicMailAddress><onlineUrl>http://qcbs.ca/resources/research-professionals/research-professional-guillaume-larocque-phd/</onlineUrl>    </creator>
    <metadataProvider>
    <individualName>
<givenName>Marcia</givenName>          <surName>Waterway</surName>
    </individualName>
<organizationName>McGill University Herbarium</organizationName><positionName>Associate Professor (retired)</positionName>    <address>
<deliveryPoint>Plant Science Dept., 21,111 Lakeshore Road</deliveryPoint><city>Ste-Anne-de-Bellevue</city><administrativeArea>Quebec</administrativeArea><postalCode>H9X 3V9</postalCode><country>CANADA</country>    </address>
<phone>5147577864</phone><electronicMailAddress>marcia.waterway@mcgill.ca</electronicMailAddress>    </metadataProvider>
    <associatedParty>
    <individualName>
<givenName>Valerie</givenName>          <surName>Gravel</surName>
    </individualName>
<organizationName>McGill University Herbarium</organizationName><positionName>Interim Curator</positionName>    <address>
<deliveryPoint>21,111 Lakeshore Road</deliveryPoint><city>Ste-Anne-de-Bellevue</city><administrativeArea>Quebec</administrativeArea><postalCode>H9X 3V9</postalCode><country>CANADA</country>    </address>
<phone>5143988132</phone><electronicMailAddress>valerie.gravel@mcgill.ca</electronicMailAddress><onlineUrl>http://www.mcgill.ca/plant/faculty/gravel/</onlineUrl>    <role>CURATOR</role>
    </associatedParty>
      <pubDate>
      2018-12-20
      </pubDate>
    <language>ENGLISH</language>
    <abstract>
        <para>THe McGill University Herbarium currently comprises about 140,000 sheets, including specimens from the McGill College and Macdonald College Herbaria. It was founded in 1860 with the gift of 500 specimens collected by Dr. A.F. Holmes in Montreal in the early 1820&amp;#39;s and is rich in 19th century collections from North America. More recent collections from Quebec, Ontario, and the circumpolar Arctic, including Greenland and Siberia, form the core of the collection. A large collection of Cyperaceae, especially temperate and arctic Carex worldwide, serve as vouchers for DNA sequence data. The database includes about 20,000 records currently digitized from the McGill University Herbarium.</para>
    </abstract>
        <keywordSet>
              <keyword>Herbarium</keyword>
              <keyword>MTMG</keyword>
              <keyword>Cyperaceae</keyword>
              <keyword>Plantae</keyword>
              <keyword>Carex</keyword>
              <keyword>Arctic</keyword>
              <keyword>Occurrence</keyword>
              <keywordThesaurus>GBIF Dataset Type Vocabulary: http://rs.gbif.org/vocabulary/gbif/dataset_type.xml</keywordThesaurus>
        </keywordSet>
        <keywordSet>
              <keyword>Specimen</keyword>
              <keywordThesaurus>GBIF Dataset Subtype Vocabulary: http://rs.gbif.org/vocabulary/gbif/dataset_subtype.xml</keywordThesaurus>
        </keywordSet>
      <intellectualRights>
        <para>To the extent possible under law, the publisher has waived all rights to these data and has dedicated them to the <ulink url="http://creativecommons.org/publicdomain/zero/1.0/legalcode"><citetitle>Public Domain (CC0 1.0)</citetitle></ulink>. Users may copy, modify, distribute and use the work, including for commercial purposes, without restriction.</para>
      </intellectualRights>
      <distribution scope="document">
          <online>
              <url function="information">http://www.mcgill.ca/herbarium</url>
          </online>
      </distribution>
      <coverage>
            <geographicCoverage>
                  <geographicDescription>The range encompassed is global but the majority of specimens are from Canada (especially QC), the United States, Greenland and Siberia</geographicDescription>
                  <boundingCoordinates>
                      <westBoundingCoordinate>-180</westBoundingCoordinate>
                      <eastBoundingCoordinate>180</eastBoundingCoordinate>
                      <northBoundingCoordinate>90</northBoundingCoordinate>
                      <southBoundingCoordinate>-90</southBoundingCoordinate>
                  </boundingCoordinates>
            </geographicCoverage>
          <temporalCoverage>
            <rangeOfDates>
              <beginDate>
                <calendarDate>      1820
</calendarDate>
              </beginDate>
              <endDate>
                <calendarDate>      2016
</calendarDate>
              </endDate>
            </rangeOfDates>
          </temporalCoverage>
              <taxonomicCoverage>
                    <generalTaxonomicCoverage>The most well represented families in the dataset include 1) Cyperaceae, 2) Lamiaceae and 3) Liliaceae.</generalTaxonomicCoverage>
                    <taxonomicClassification>
                        <taxonRankValue>Alismataceae</taxonRankValue>
                    </taxonomicClassification>
                    <taxonomicClassification>
                        <taxonRankValue>Amaranthaceae</taxonRankValue>
                    </taxonomicClassification>
                    <taxonomicClassification>
                        <taxonRankValue>Amaryllidaceae</taxonRankValue>
                    </taxonomicClassification>
                    <taxonomicClassification>
                        <taxonRankValue>Apiaceae</taxonRankValue>
                    </taxonomicClassification>
                    <taxonomicClassification>
                        <taxonRankValue>Araceae</taxonRankValue>
                    </taxonomicClassification>
                    <taxonomicClassification>
                        <taxonRankValue>Araliaceae</taxonRankValue>
                    </taxonomicClassification>
                    <taxonomicClassification>
                        <taxonRankValue>Asparagaceae</taxonRankValue>
                    </taxonomicClassification>
                    <taxonomicClassification>
                        <taxonRankValue>Aspleniaceae</taxonRankValue>
                    </taxonomicClassification>
                    <taxonomicClassification>
                        <taxonRankValue>Asteraceae</taxonRankValue>
                    </taxonomicClassification>
                    <taxonomicClassification>
                        <taxonRankValue>Blechnaceae</taxonRankValue>
                    </taxonomicClassification>
                    <taxonomicClassification>
                        <taxonRankValue>Boraginaceae</taxonRankValue>
                    </taxonomicClassification>
                    <taxonomicClassification>
                        <taxonRankValue>Brassicaceae</taxonRankValue>
                    </taxonomicClassification>
                    <taxonomicClassification>
                        <taxonRankValue>Butomaceae</taxonRankValue>
                    </taxonomicClassification>
                    <taxonomicClassification>
                        <taxonRankValue>Cactaceae</taxonRankValue>
                    </taxonomicClassification>
                    <taxonomicClassification>
                        <taxonRankValue>Campanulaceae</taxonRankValue>
                    </taxonomicClassification>
                    <taxonomicClassification>
                        <taxonRankValue>Cannabaceae</taxonRankValue>
                    </taxonomicClassification>
                    <taxonomicClassification>
                        <taxonRankValue>Caprifoliaceae</taxonRankValue>
                    </taxonomicClassification>
                    <taxonomicClassification>
                        <taxonRankValue>Caryophyllaceae</taxonRankValue>
                    </taxonomicClassification>
                    <taxonomicClassification>
                        <taxonRankValue>Celastraceae</taxonRankValue>
                    </taxonomicClassification>
                    <taxonomicClassification>
                        <taxonRankValue>Colchicaceae</taxonRankValue>
                    </taxonomicClassification>
                    <taxonomicClassification>
                        <taxonRankValue>Cupressaceae</taxonRankValue>
                    </taxonomicClassification>
                    <taxonomicClassification>
                        <taxonRankValue>Cyperaceae</taxonRankValue>
                    </taxonomicClassification>
                    <taxonomicClassification>
                        <taxonRankValue>Cyrillaceae</taxonRankValue>
                    </taxonomicClassification>
                    <taxonomicClassification>
                        <taxonRankValue>Dennstaedtiaceae</taxonRankValue>
                    </taxonomicClassification>
                    <taxonomicClassification>
                        <taxonRankValue>Droseraceae</taxonRankValue>
                    </taxonomicClassification>
                    <taxonomicClassification>
                        <taxonRankValue>Dryopteridaceae</taxonRankValue>
                    </taxonomicClassification>
                    <taxonomicClassification>
                        <taxonRankValue>Equisetaceae</taxonRankValue>
                    </taxonomicClassification>
                    <taxonomicClassification>
                        <taxonRankValue>Fabaceae</taxonRankValue>
                    </taxonomicClassification>
                    <taxonomicClassification>
                        <taxonRankValue>Gentianaceae</taxonRankValue>
                    </taxonomicClassification>
                    <taxonomicClassification>
                        <taxonRankValue>Geraniaceae</taxonRankValue>
                    </taxonomicClassification>
                    <taxonomicClassification>
                        <taxonRankValue>Gesneriaceae</taxonRankValue>
                    </taxonomicClassification>
                    <taxonomicClassification>
                        <taxonRankValue>Globulariaceae</taxonRankValue>
                    </taxonomicClassification>
                    <taxonomicClassification>
                        <taxonRankValue>Goodeniaceae</taxonRankValue>
                    </taxonomicClassification>
                    <taxonomicClassification>
                        <taxonRankValue>Grossulariaceae</taxonRankValue>
                    </taxonomicClassification>
                    <taxonomicClassification>
                        <taxonRankValue>Haloragaceae</taxonRankValue>
                    </taxonomicClassification>
                    <taxonomicClassification>
                        <taxonRankValue>Hamamelidaceae</taxonRankValue>
                    </taxonomicClassification>
                    <taxonomicClassification>
                        <taxonRankValue>Hippuridaceae</taxonRankValue>
                    </taxonomicClassification>
                    <taxonomicClassification>
                        <taxonRankValue>Hydrangeaceae</taxonRankValue>
                    </taxonomicClassification>
                    <taxonomicClassification>
                        <taxonRankValue>Hydrocharitaceae</taxonRankValue>
                    </taxonomicClassification>
                    <taxonomicClassification>
                        <taxonRankValue>Hydrophyllaceae</taxonRankValue>
                    </taxonomicClassification>
                    <taxonomicClassification>
                        <taxonRankValue>Hypericaceae</taxonRankValue>
                    </taxonomicClassification>
                    <taxonomicClassification>
                        <taxonRankValue>Icacinaceae</taxonRankValue>
                    </taxonomicClassification>
                    <taxonomicClassification>
                        <taxonRankValue>Iridaceae</taxonRankValue>
                    </taxonomicClassification>
                    <taxonomicClassification>
                        <taxonRankValue>Isoetaceae</taxonRankValue>
                    </taxonomicClassification>
                    <taxonomicClassification>
                        <taxonRankValue>Juglandaceae</taxonRankValue>
                    </taxonomicClassification>
                    <taxonomicClassification>
                        <taxonRankValue>Julianaceae</taxonRankValue>
                    </taxonomicClassification>
                    <taxonomicClassification>
                        <taxonRankValue>Juncaceae</taxonRankValue>
                    </taxonomicClassification>
                    <taxonomicClassification>
                        <taxonRankValue>Juncaginaceae</taxonRankValue>
                    </taxonomicClassification>
                    <taxonomicClassification>
                        <taxonRankValue>Krameriaceae</taxonRankValue>
                    </taxonomicClassification>
                    <taxonomicClassification>
                        <taxonRankValue>Labiatae</taxonRankValue>
                    </taxonomicClassification>
                    <taxonomicClassification>
                        <taxonRankValue>Lamiaceae</taxonRankValue>
                    </taxonomicClassification>
                    <taxonomicClassification>
                        <taxonRankValue>Lentibulariaceae</taxonRankValue>
                    </taxonomicClassification>
                    <taxonomicClassification>
                        <taxonRankValue>Liliaceae</taxonRankValue>
                    </taxonomicClassification>
                    <taxonomicClassification>
                        <taxonRankValue>Liliaecae</taxonRankValue>
                    </taxonomicClassification>
                    <taxonomicClassification>
                        <taxonRankValue>Lycopodiaceae</taxonRankValue>
                    </taxonomicClassification>
                    <taxonomicClassification>
                        <taxonRankValue>Lythraceae</taxonRankValue>
                    </taxonomicClassification>
                    <taxonomicClassification>
                        <taxonRankValue>Malvaceae</taxonRankValue>
                    </taxonomicClassification>
                    <taxonomicClassification>
                        <taxonRankValue>Melanthiaceae</taxonRankValue>
                    </taxonomicClassification>
                    <taxonomicClassification>
                        <taxonRankValue>Menyanthaceae</taxonRankValue>
                    </taxonomicClassification>
                    <taxonomicClassification>
                        <taxonRankValue>Nymphaeaceae</taxonRankValue>
                    </taxonomicClassification>
                    <taxonomicClassification>
                        <taxonRankValue>Onagraceae</taxonRankValue>
                    </taxonomicClassification>
                    <taxonomicClassification>
                        <taxonRankValue>Onocleaceae</taxonRankValue>
                    </taxonomicClassification>
                    <taxonomicClassification>
                        <taxonRankValue>Ophioglossaceae</taxonRankValue>
                    </taxonomicClassification>
                    <taxonomicClassification>
                        <taxonRankValue>Orchidaceae</taxonRankValue>
                    </taxonomicClassification>
                    <taxonomicClassification>
                        <taxonRankValue>Orobanchaceae</taxonRankValue>
                    </taxonomicClassification>
                    <taxonomicClassification>
                        <taxonRankValue>Osmundaceae</taxonRankValue>
                    </taxonomicClassification>
                    <taxonomicClassification>
                        <taxonRankValue>Parnassiaceae</taxonRankValue>
                    </taxonomicClassification>
                    <taxonomicClassification>
                        <taxonRankValue>Penthoraceae</taxonRankValue>
                    </taxonomicClassification>
                    <taxonomicClassification>
                        <taxonRankValue>Pinaceae</taxonRankValue>
                    </taxonomicClassification>
                    <taxonomicClassification>
                        <taxonRankValue>Plantaginaceae</taxonRankValue>
                    </taxonomicClassification>
                    <taxonomicClassification>
                        <taxonRankValue>Poaceae</taxonRankValue>
                    </taxonomicClassification>
                    <taxonomicClassification>
                        <taxonRankValue>Polygonaceae</taxonRankValue>
                    </taxonomicClassification>
                    <taxonomicClassification>
                        <taxonRankValue>Polypodiaceae</taxonRankValue>
                    </taxonomicClassification>
                    <taxonomicClassification>
                        <taxonRankValue>Pontederiaceae</taxonRankValue>
                    </taxonomicClassification>
                    <taxonomicClassification>
                        <taxonRankValue>Potamogetonaceae</taxonRankValue>
                    </taxonomicClassification>
                    <taxonomicClassification>
                        <taxonRankValue>Pteridaceae</taxonRankValue>
                    </taxonomicClassification>
                    <taxonomicClassification>
                        <taxonRankValue>Ranunculaceae</taxonRankValue>
                    </taxonomicClassification>
                    <taxonomicClassification>
                        <taxonRankValue>Rosaceae</taxonRankValue>
                    </taxonomicClassification>
                    <taxonomicClassification>
                        <taxonRankValue>Rubiaceae</taxonRankValue>
                    </taxonomicClassification>
                    <taxonomicClassification>
                        <taxonRankValue>Ruppiaceae</taxonRankValue>
                    </taxonomicClassification>
                    <taxonomicClassification>
                        <taxonRankValue>Rutaceae</taxonRankValue>
                    </taxonomicClassification>
                    <taxonomicClassification>
                        <taxonRankValue>Salicaceae</taxonRankValue>
                    </taxonomicClassification>
                    <taxonomicClassification>
                        <taxonRankValue>Sapindaceae</taxonRankValue>
                    </taxonomicClassification>
                    <taxonomicClassification>
                        <taxonRankValue>Sarraceniaceae</taxonRankValue>
                    </taxonomicClassification>
                    <taxonomicClassification>
                        <taxonRankValue>Saururaceae</taxonRankValue>
                    </taxonomicClassification>
                    <taxonomicClassification>
                        <taxonRankValue>Saxifragaceae</taxonRankValue>
                    </taxonomicClassification>
                    <taxonomicClassification>
                        <taxonRankValue>Scheuchzeriaceae</taxonRankValue>
                    </taxonomicClassification>
                    <taxonomicClassification>
                        <taxonRankValue>Selaginellaceae</taxonRankValue>
                    </taxonomicClassification>
                    <taxonomicClassification>
                        <taxonRankValue>Smilacaceae</taxonRankValue>
                    </taxonomicClassification>
                    <taxonomicClassification>
                        <taxonRankValue>Solanaceae</taxonRankValue>
                    </taxonomicClassification>
                    <taxonomicClassification>
                        <taxonRankValue>Thelypteridaceae</taxonRankValue>
                    </taxonomicClassification>
                    <taxonomicClassification>
                        <taxonRankValue>Thymelaeaceae</taxonRankValue>
                    </taxonomicClassification>
                    <taxonomicClassification>
                        <taxonRankValue>Typhaceae</taxonRankValue>
                    </taxonomicClassification>
                    <taxonomicClassification>
                        <taxonRankValue>Urticaceae</taxonRankValue>
                    </taxonomicClassification>
                    <taxonomicClassification>
                        <taxonRankValue>Verbenaceae</taxonRankValue>
                    </taxonomicClassification>
                    <taxonomicClassification>
                        <taxonRankValue>Violaceae</taxonRankValue>
                    </taxonomicClassification>
                    <taxonomicClassification>
                        <taxonRankValue>Woodsiaceae</taxonRankValue>
                    </taxonomicClassification>
                    <taxonomicClassification>
                        <taxonRankValue>Xanthorrhoeaceae</taxonRankValue>
                    </taxonomicClassification>
              </taxonomicCoverage>
      </coverage>
      <maintenance>
          <description>
              <para></para>
          </description>
          <maintenanceUpdateFrequency>asNeeded</maintenanceUpdateFrequency>
      </maintenance>
      <contact>
    <individualName>
<givenName>Marcia</givenName>          <surName>Waterway</surName>
    </individualName>
<organizationName>McGill University Herbarium</organizationName><positionName>Associate Professor (retired)</positionName>    <address>
<deliveryPoint>Plant Science Dept., 21,111 Lakeshore Road</deliveryPoint><city>Ste-Anne-de-Bellevue</city><administrativeArea>Quebec</administrativeArea><postalCode>H9X 3V9</postalCode><country>CANADA</country>    </address>
<phone>5147577864</phone><electronicMailAddress>marcia.waterway@mcgill.ca</electronicMailAddress>      </contact>
      <contact>
    <individualName>
<givenName>Guillaume</givenName>          <surName>Larocque</surName>
    </individualName>
<organizationName>Quebec Centre for Biodiversity Sciences</organizationName><positionName>Research Professional</positionName>    <address>
<deliveryPoint>BIology Dept., McGill, 1205 ave Dr. Penfield</deliveryPoint><city>Montreal</city><administrativeArea>Quebec</administrativeArea><postalCode>H3A 1B1</postalCode><country>CANADA</country>    </address>
<phone>5143988719</phone><electronicMailAddress>guillaume.larocque@mcgill.ca</electronicMailAddress><onlineUrl>http://qcbs.ca/resources/research-professionals/research-professional-guillaume-larocque-phd/</onlineUrl>      </contact>
      <methods>
            <methodStep>
                <description>
                    <para></para>
                </description>
            </methodStep>
      </methods>

</dataset>

<additionalMetadata>
    <metadata>
      <gbif>
        <dateStamp>2022-09-05T14:31:42Z</dateStamp>
      <citation identifier="http://doi.org/10.5886/srzbj7">Waterway M, Martins K, Larocque G (2018). McGill University Herbarium Database. Version 2.1. McGill University. Occurrence dataset https://doi.org/10.5886/srzbj7 accessed via GBIF.org on 2022-09-05.</citation>
      </gbif>
    </metadata>
</additionalMetadata>

</eml:eml>
