<?xml version="1.0" encoding="utf-8"?>
<eml:eml xmlns:eml="eml://ecoinformatics.org/eml-2.1.1" xmlns:xsi="http://www.w3.org/2001/XMLSchema-instance"
         xsi:schemaLocation="eml://ecoinformatics.org/eml-2.1.1 http://rs.gbif.org/schema/eml-gbif-profile/1.1/eml.xsd"
        packageId="56e9c560-bd2a-11dd-b15e-b8a03c50a862"  system="http://gbif.org" scope="system"
  xml:lang="en">

<dataset>
      <alternateIdentifier>10.15468/xxoo68</alternateIdentifier>
        <alternateIdentifier>https://sernecportal.org/portal/collections/misc/collprofiles.php?collid=210</alternateIdentifier>
        <alternateIdentifier>http://ipt.idigbio.org/resource?r=lsu-vascularplants</alternateIdentifier>
        <alternateIdentifier>56e9c560-bd2a-11dd-b15e-b8a03c50a862</alternateIdentifier>
        <alternateIdentifier>http://sernecportal.org/portal/collections/misc/collprofiles.php?collid=210</alternateIdentifier>
        <alternateIdentifier>7984</alternateIdentifier>
    <title>Louisiana State University, Shirley C. Tucker Herbarium - Vascular Plants</title>
    <creator>
<organizationName>SERNEC</organizationName><electronicMailAddress>herrick.brown@gmail.com</electronicMailAddress><onlineUrl>https://sernecportal.org/portal/index.php</onlineUrl>    </creator>
    <metadataProvider>
<organizationName>SERNEC</organizationName><electronicMailAddress>herrick.brown@gmail.com</electronicMailAddress><onlineUrl>https://sernecportal.org/portal/index.php</onlineUrl>    </metadataProvider>
    <associatedParty>
    <individualName>
          <surName>Jennifer S. Kluse, Collections Manager</surName>
    </individualName>
<electronicMailAddress>jkluse@lsu.edu</electronicMailAddress>    <role>CONTENT_PROVIDER</role>
    </associatedParty>
      <pubDate>
      2022-07-01
      </pubDate>
    <language>ENGLISH</language>
    <abstract>
        <para>Shirley C. Tucker Herbarium at Louisiana State University, Vascular Plant Collection contains 310,000&amp;#43; specimens. Several regional herbaria are integrated entirely or in part, including NO, LSUS, MCN, NLU, Eglin Air Force Base, and New Orleans Academy of Sciences. Only Tulane University Herbarium (NO) remains a distinct collection.  Geographic distribution is global, but strengths are Louisiana and the southeastern USA, southen California, Colorado Rocky Mountains, Yucatan Peninsula, Colombia and Brazil. Families well-represented include Asteraceae, Fabaceae, Cyperaceae, Rubiaceae, and Poaceae. Significant collectors include: Fr. G. Arsène, L. M. Booth, C. A. Brown, I. W. Clokey, R. S. Cocks, D. Demaree, J. A. Ewan, A. Featherman, A. Gray, J. Hale, J. F. Joor, D. D. Keck, E. P. Killip, J. G. Lemmon, Y. E. J. Mexia, F. W. Peirson, N. F. Peterson, J. L. Riddell, and D. Stone, R. D. Thomas, S. C. Tucker, L. E. Urbatsch, I. Vélez, and E. C. Wurzlow.</para>
    </abstract>
      <intellectualRights>
        <para>To the extent possible under law, the publisher has waived all rights to these data and has dedicated them to the <ulink url="http://creativecommons.org/publicdomain/zero/1.0/legalcode"><citetitle>Public Domain (CC0 1.0)</citetitle></ulink>. Users may copy, modify, distribute and use the work, including for commercial purposes, without restriction.</para>
      </intellectualRights>
      <contact>
<organizationName>Louisiana State University, Shirley C. Tucker Herbarium - Vascular Plants</organizationName><phone>225-578-8564</phone><electronicMailAddress>jkluse@lsu.edu</electronicMailAddress><onlineUrl>http://www.herbarium.lsu.edu/</onlineUrl>      </contact>

</dataset>

<additionalMetadata>
    <metadata>
      <gbif>
        <dateStamp>2022-09-05T14:31:37Z</dateStamp>
      <citation>Louisiana State University Herbarium (2022). Louisiana State University, Shirley C. Tucker Herbarium - Vascular Plants. Occurrence dataset https://doi.org/10.15468/xxoo68 accessed via GBIF.org on 2022-09-05.</citation>
      </gbif>
    </metadata>
</additionalMetadata>

</eml:eml>
