<?xml version="1.0" encoding="utf-8"?>
<eml:eml xmlns:eml="eml://ecoinformatics.org/eml-2.1.1" xmlns:xsi="http://www.w3.org/2001/XMLSchema-instance"
         xsi:schemaLocation="eml://ecoinformatics.org/eml-2.1.1 http://rs.gbif.org/schema/eml-gbif-profile/1.1/eml.xsd"
        packageId="64dabd3c-4f34-4520-b9dd-d227a0bf1582"  system="http://gbif.org" scope="system"
  xml:lang="en">

<dataset>
      <alternateIdentifier>10.15468/osi63h</alternateIdentifier>
    <title>Occurrence Data of Vascular Plants collected or compiled for the Flora of Bavaria</title>
    <associatedParty>
    <individualName>
          <surName>Staatliche Naturwissenschaftliche Sammlungen Bayerns – SNSB IT Center, München</surName>
    </individualName>
<electronicMailAddress>snsb-it-center@snsb.de</electronicMailAddress>    <role>TECHNICAL_POINT_OF_CONTACT</role>
    </associatedParty>
    <language>en</language>
    <abstract>
        <para>https://wiki.bayernflora.de/web/Flora_of_Bavaria_%E2%94%80_occurrence_data_online</para>
    </abstract>
      <intellectualRights>
        <para>This work is licensed under a <ulink url="http://creativecommons.org/licenses/by/4.0/legalcode"><citetitle>Creative Commons Attribution (CC-BY) 4.0 License</citetitle></ulink>.</para>
      </intellectualRights>
      <distribution scope="document">
          <online>
              <url function="information">https://www.bayernflora.de/web/Flora_von_Bayern_%E2%94%80_Verbreitungsdaten_online</url>
          </online>
      </distribution>
      <contact>
    <individualName>
          <surName>AG Flora von Bayern</surName>
    </individualName>
<electronicMailAddress>bayernflora@snsb.de</electronicMailAddress>      </contact>

</dataset>

<additionalMetadata>
    <metadata>
      <gbif>
        <dateStamp>2022-09-05T14:31:39Z</dateStamp>
      <citation>Staatliche Naturwissenschaftliche Sammlungen Bayerns. Occurrence Data of Vascular Plants collected or compiled for the Flora of Bavaria. Occurrence dataset https://doi.org/10.15468/osi63h accessed via GBIF.org on 2022-09-05.</citation>
              <resourceLogoUrl>http://species-id.net/s/media/thumb/7/73/BFL_logo.png/135px-BFL_logo.png</resourceLogoUrl>
      </gbif>
    </metadata>
</additionalMetadata>

</eml:eml>
