<?xml version="1.0" encoding="utf-8"?>
<eml:eml xmlns:eml="eml://ecoinformatics.org/eml-2.1.1" xmlns:xsi="http://www.w3.org/2001/XMLSchema-instance"
         xsi:schemaLocation="eml://ecoinformatics.org/eml-2.1.1 http://rs.gbif.org/schema/eml-gbif-profile/1.1/eml.xsd"
        packageId="6b5e4c2d-127f-492e-bf1c-2026d515e0de"  system="http://gbif.org" scope="system"
  xml:lang="en">

<dataset>
      <alternateIdentifier>10.15468/m3x9uu</alternateIdentifier>
    <title>Estonian University of Life Sciences Institute of Agricultural and Environmental Sciences Vascular Plant Herbarium</title>
    <creator>
    <individualName>
<givenName>Toomas</givenName>          <surName>Kukk</surName>
    </individualName>
<positionName>Curator</positionName><electronicMailAddress>tomkukk@gmail.com</electronicMailAddress>    </creator>
    <metadataProvider>
    <individualName>
<givenName>Toomas</givenName>          <surName>Kukk</surName>
    </individualName>
<positionName>Curator</positionName><electronicMailAddress>tomkukk@gmail.com</electronicMailAddress>    </metadataProvider>
    <language>ENGLISH</language>
    <abstract>
        <para>The Herbarium was founded in 1947, when the newly established Institute of Biology (later Institute of Zoology and Botany) was entrusted with the Estonian Naturalists’ Society’s collection of 15 000 herbarium sheets. This consisted mainly of the Society’s exchange herbarium, which was collected between 1920-1940, and of the Baltic-German Botanical Herbarium, collected mainly in the 19th century.The Herbarium’s main focus is to collect and preserve specimens from taxa growing in Estonia. Besides providing data for answering taxonomic questions, the large quantity of material within the Herbarium makes it possible to investigate species’ patterns of variability and distribution. The Herbarium preserves genetic material from different time periods.</para>
    </abstract>
      <intellectualRights>
        <para>This work is licensed under a <ulink url="http://creativecommons.org/licenses/by-nc/4.0/legalcode"><citetitle>Creative Commons Attribution Non Commercial (CC-BY-NC) 4.0 License</citetitle></ulink>.</para>
      </intellectualRights>
      <distribution scope="document">
          <online>
              <url function="information">https://kogud.emu.ee/?p=2&amp;id=14</url>
          </online>
      </distribution>
      <contact>
    <individualName>
<givenName>Toomas</givenName>          <surName>Kukk</surName>
    </individualName>
<positionName>Curator</positionName><electronicMailAddress>tomkukk@gmail.com</electronicMailAddress>      </contact>
      <contact>
    <individualName>
<givenName>Thea</givenName>          <surName>Kull</surName>
    </individualName>
<positionName>Curator</positionName><electronicMailAddress>thea.kull@emu.ee</electronicMailAddress>      </contact>
      <contact>
    <individualName>
<givenName>Mare</givenName>          <surName>Leis</surName>
    </individualName>
<positionName>Curator</positionName><electronicMailAddress>mare.leis@emu.ee</electronicMailAddress>      </contact>

      <project >
          <title></title>
          <abstract>
              <para></para>
          </abstract>
          <funding>
              <para></para>
          </funding>
      </project>
</dataset>

<additionalMetadata>
    <metadata>
      <gbif>
        <dateStamp>2022-09-05T14:31:42Z</dateStamp>
      <citation>Kukk T. Estonian University of Life Sciences Institute of Agricultural and Environmental Sciences Vascular Plant Herbarium. Estonian University of Life Sciences. Occurrence dataset https://doi.org/10.15468/m3x9uu accessed via GBIF.org on 2022-09-05.</citation>
      </gbif>
    </metadata>
</additionalMetadata>

</eml:eml>
