<?xml version="1.0" encoding="utf-8"?>
<eml:eml xmlns:eml="eml://ecoinformatics.org/eml-2.1.1" xmlns:xsi="http://www.w3.org/2001/XMLSchema-instance"
         xsi:schemaLocation="eml://ecoinformatics.org/eml-2.1.1 http://rs.gbif.org/schema/eml-gbif-profile/1.1/eml.xsd"
        packageId="812c1e24-f762-11e1-a439-00145eb45e9a"  system="http://gbif.org" scope="system"
  xml:lang="en">

<dataset>
      <alternateIdentifier>10.15468/dcc6j8</alternateIdentifier>
        <alternateIdentifier>13502</alternateIdentifier>
    <title>Dataflos</title>
    <associatedParty>
    <individualName>
          <surName>Matus Kempa</surName>
    </individualName>
    <address>
<deliveryPoint>Botanický ústav SAV, Dúbravská cesta 9, 841 01 Bratislava 4, Slovakia</deliveryPoint>    </address>
<phone>+421 2 594 26 169</phone><electronicMailAddress>matus.kempa@savba.sk</electronicMailAddress>    <role>TECHNICAL_POINT_OF_CONTACT</role>
    </associatedParty>
    <language>en</language>
    <abstract>
        <para>It gathers complete (domestic or foreign) information of herbarium data, literature data as well as non-published records of non-vascular and vascular plants in Slovakia. It also gathers the herbarium data of plants occurence outside of Slovakia if these are deposited in the Slovak herbaria.</para>
    </abstract>
      <intellectualRights>
        <para>This work is licensed under a <ulink url="http://creativecommons.org/licenses/by/4.0/legalcode"><citetitle>Creative Commons Attribution (CC-BY) 4.0 License</citetitle></ulink>.</para>
      </intellectualRights>
      <contact>
    <individualName>
          <surName>Pavol Mereďa</surName>
    </individualName>
    <address>
<deliveryPoint>Botanický ústav SAV, Dúbravská cesta 9, 841 01 Bratislava 4, Slovakia</deliveryPoint>    </address>
<electronicMailAddress>pavol.mereda@savba.sk</electronicMailAddress>      </contact>

</dataset>

<additionalMetadata>
    <metadata>
      <gbif>
        <dateStamp>2022-09-05T14:31:32Z</dateStamp>
      <citation>INSTITUTE OF BOTANY S.A.S.. Dataflos. Occurrence dataset https://doi.org/10.15468/dcc6j8 accessed via GBIF.org on 2022-09-05.</citation>
              <resourceLogoUrl>http://ibot.sav.sk/images/logo_nove_pismo.png</resourceLogoUrl>
      </gbif>
    </metadata>
</additionalMetadata>

</eml:eml>
