<?xml version="1.0" encoding="utf-8"?>
<eml:eml xmlns:eml="eml://ecoinformatics.org/eml-2.1.1" xmlns:xsi="http://www.w3.org/2001/XMLSchema-instance"
         xsi:schemaLocation="eml://ecoinformatics.org/eml-2.1.1 http://rs.gbif.org/schema/eml-gbif-profile/1.1/eml.xsd"
        packageId="84a649ce-ff81-420d-9c41-aa1de59e3766"  system="http://gbif.org" scope="system"
  xml:lang="en">

<dataset>
      <alternateIdentifier>10.15468/jayxmn</alternateIdentifier>
        <alternateIdentifier>https://collections.ala.org.au/public/show/dr364</alternateIdentifier>
        <alternateIdentifier>13c8c2a9-9253-374a-adc3-8dc75e1430fa</alternateIdentifier>
        <alternateIdentifier>http://collections.ala.org.au/public/show/dr364</alternateIdentifier>
        <alternateIdentifier>84a649ce-ff81-420d-9c41-aa1de59e3766</alternateIdentifier>
        <alternateIdentifier>6cfc22b2-6ab8-3093-bf06-35a443def73b</alternateIdentifier>
        <alternateIdentifier>745d74dc-552b-3c18-a18e-956683e92cb8</alternateIdentifier>
        <alternateIdentifier>14119</alternateIdentifier>
    <title>ALA species sightings and OzAtlas</title>
    <creator>
<organizationName>Citizen Science - ALA Website</organizationName>    </creator>
    <metadataProvider>
<organizationName>Citizen Science - ALA Website</organizationName>    </metadataProvider>
    <associatedParty>
<organizationName>Atlas of Living Australia</organizationName>    <address>
<deliveryPoint>CSIRO Ecosystems Services</deliveryPoint><city>Canberra</city><administrativeArea>ACT</administrativeArea><postalCode>2601</postalCode><country>AUSTRALIA</country>    </address>
    <role>DISTRIBUTOR</role>
    </associatedParty>
      <pubDate>
      2022-05-28
      </pubDate>
    <language>ENGLISH</language>
    <abstract>
        <para>The ALA species sightings and OzAtlas tools provide a means for anybody to add new species sightings directly to the ALA on an ad-hoc basis, anytime and anywhere.

The Atlas of Living Australia provides a simple species sighting recording tool (online web form and mobile apps) for anyone to log new species observation occurrence records.</para>
    </abstract>
      <intellectualRights>
        <para>This work is licensed under a <ulink url="http://creativecommons.org/licenses/by/4.0/legalcode"><citetitle>Creative Commons Attribution (CC-BY) 4.0 License</citetitle></ulink>.</para>
      </intellectualRights>
      <distribution scope="document">
          <online>
              <url function="information">http://sightings.ala.org.au/</url>
          </online>
      </distribution>
      <contact>
    <individualName>
<givenName>ALA</givenName>          <surName>Data Management</surName>
    </individualName>
<positionName>editor</positionName><electronicMailAddress>data_management@ala.org.au</electronicMailAddress>      </contact>
      <methods>
            <methodStep>
                <description>
                    <para>Individual sighting method:
opportunistic
Opportunistic/ad-hoc observation recording

Test sighting method:
opportunistic
Opportunistic/ad-hoc observation recording</para>
                </description>
            </methodStep>
            <qualityControl>
                <description>
                    <para>Individual sighting data quality description:
Data quality assurance methods: systemsupported, recordannotation, crowdsourcedverification
Data quality assurance description: This dataset comprises opportunistic ad-hoc sightings contributed by members of the public via both web app and mobile apps. Both the web and mobile apps employ in-built software mechanisms to maximise recording accuracy, but there are still opportunities for human decisions to cause data inaccuracies, particularly in respect to species identifications. 

These are primary data which are not directly validated or curated in this application before  before being harvested into the Atlas of Living Australia (ALA). Therefore, whilst most of the data is likely to be reliably accurate and of high quality, they do contain some variability in the accuracy of species identifications and also potentially temporal and spatial accuracy.

Once these records are harvested into the ALA,  they can have accuracy issues flagged via the Atlas annotation service, through which the record owner is notified and can correct any errors  in this application. Corrected records are then re-harvested to update the Atlas record.
Test sighting data quality description:
Data quality assurance methods: dataownercurated, crowdsourcedverification
Data quality assurance description: This dataset comprises opportunistic ad-hoc sightings contributed by members of the public via both web app and mobile apps. Both the web and mobile apps employ in-built software mechanisms to maximise recording accuracy, but there are still opportunities for human decisions to cause data inaccuracies, particularly in respect to species identifications. 

These are primary data which are not directly validated or curated in this application before  before being harvested into the Atlas of Living Australia (ALA). Therefore, whilst most of the data is likely to be reliably accurate and of high quality, they do contain some variability in the accuracy of species identifications and also potentially temporal and spatial accuracy.

Once these records are harvested into the ALA,  they can have accuracy issues flagged via the Atlas annotation service, through which the record owner is notified and can correct any errors  in this application. Corrected records are then re-harvested to update the Atlas record.</para>
                </description>
            </qualityControl>
      </methods>

</dataset>

<additionalMetadata>
    <metadata>
      <gbif>
        <dateStamp>2022-09-05T14:31:32Z</dateStamp>
      <citation>Citizen Science - ALA Website (2022). ALA species sightings and OzAtlas. Occurrence dataset https://doi.org/10.15468/jayxmn accessed via GBIF.org on 2022-09-05.</citation>
              <resourceLogoUrl>https://collections.ala.org.au/data/dataProvider/ala-logo.png</resourceLogoUrl>
      </gbif>
    </metadata>
</additionalMetadata>

</eml:eml>
