<?xml version="1.0" encoding="utf-8"?>
<eml:eml xmlns:eml="eml://ecoinformatics.org/eml-2.1.1" xmlns:xsi="http://www.w3.org/2001/XMLSchema-instance"
         xsi:schemaLocation="eml://ecoinformatics.org/eml-2.1.1 http://rs.gbif.org/schema/eml-gbif-profile/1.1/eml.xsd"
        packageId="84f9770e-f762-11e1-a439-00145eb45e9a"  system="http://gbif.org" scope="system"
  xml:lang="en">

<dataset>
      <alternateIdentifier>10.15468/qy6hkl</alternateIdentifier>
        <alternateIdentifier>https://sernecportal.org/portal/collections/misc/collprofiles.php?collid=286</alternateIdentifier>
        <alternateIdentifier>775</alternateIdentifier>
    <title>University of Alabama Herbarium</title>
    <creator>
<organizationName>SERNEC</organizationName><electronicMailAddress>herrick.brown@gmail.com</electronicMailAddress><onlineUrl>https://sernecportal.org/portal/index.php</onlineUrl>    </creator>
    <metadataProvider>
<organizationName>SERNEC</organizationName><electronicMailAddress>herrick.brown@gmail.com</electronicMailAddress><onlineUrl>https://sernecportal.org/portal/index.php</onlineUrl>    </metadataProvider>
    <associatedParty>
    <individualName>
          <surName>Steve Ginzbarg</surName>
    </individualName>
<electronicMailAddress>sginzbar@ua.edu</electronicMailAddress>    <role>CONTENT_PROVIDER</role>
    </associatedParty>
      <pubDate>
      2022-07-01
      </pubDate>
    <language>ENGLISH</language>
    <abstract>
        <para>The University of Alabama Herbarium (UNA), the herbarium of the Department of Biological Sciences, houses about 68,603 specimens of vascular plants, about 6,000 specimens of mosses, about 650 specimens of liverworts, 2,373 specimens of marine algae, about 800 specimens of lichens, and about 1,300 specimens of fungi. These include The Mohr Herbarium (formerly ALU) ca. 4500 specimens on permanent loan from the Alabama Museum of Natural History.
The herbarium is in the process of digitizing its specimen data. The data can be searched on the Global Biodiversity Information Facility (GBIF). We participated in the Checklist of Vascular Plants of Alabama project. We reviewed the identifications in the collection to determine which species have been documented to occur in the state and in each county. Our Alabama collections can now be searched in the Alabama Plant Atlas.</para>
    </abstract>
      <intellectualRights>
        <para>To the extent possible under law, the publisher has waived all rights to these data and has dedicated them to the <ulink url="http://creativecommons.org/publicdomain/zero/1.0/legalcode"><citetitle>Public Domain (CC0 1.0)</citetitle></ulink>. Users may copy, modify, distribute and use the work, including for commercial purposes, without restriction.</para>
      </intellectualRights>
      <contact>
<organizationName>University of Alabama Herbarium</organizationName><electronicMailAddress>sginzbar@ua.edu</electronicMailAddress><onlineUrl>http://herbarium.as.ua.edu</onlineUrl>      </contact>

</dataset>

<additionalMetadata>
    <metadata>
      <gbif>
        <dateStamp>2022-09-05T14:31:35Z</dateStamp>
      <citation>University of Alabama Biodiversity and Systematics (2022). University of Alabama Herbarium. Occurrence dataset https://doi.org/10.15468/qy6hkl accessed via GBIF.org on 2022-09-05.</citation>
      </gbif>
    </metadata>
</additionalMetadata>

</eml:eml>
