<?xml version="1.0" encoding="utf-8"?>
<eml:eml xmlns:eml="eml://ecoinformatics.org/eml-2.1.1" xmlns:xsi="http://www.w3.org/2001/XMLSchema-instance"
         xsi:schemaLocation="eml://ecoinformatics.org/eml-2.1.1 http://rs.gbif.org/schema/eml-gbif-profile/1.1/eml.xsd"
        packageId="85a347c0-f762-11e1-a439-00145eb45e9a"  system="http://gbif.org" scope="system"
  xml:lang="en">

<dataset>
      <alternateIdentifier>10.15468/3nyx9k</alternateIdentifier>
        <alternateIdentifier>1487</alternateIdentifier>
    <title>Nordic Genetic Resources</title>
    <creator>
<organizationName>Nordic Genetic Resource Center</organizationName>    </creator>
    <metadataProvider>
<organizationName>Michael Lyngkjær</organizationName>    <address>
<deliveryPoint>P.O. Box 41, SE-230 53 Alnarp, Sweden</deliveryPoint>    </address>
<phone>+46 (0) 735 138 371</phone><electronicMailAddress>michael.lyngkjaer@nordgen.org</electronicMailAddress>    </metadataProvider>
      <pubDate>
      2022-01-01
      </pubDate>
    <language>en</language>
    <abstract>
        <para>Genebank collection of Nordic Genetic Resources</para>
    </abstract>
      <intellectualRights>
        <para>This work is licensed under a <ulink url="http://creativecommons.org/licenses/by/4.0/legalcode"><citetitle>Creative Commons Attribution (CC-BY) 4.0 License</citetitle></ulink>.</para>
      </intellectualRights>
      <contact>
    <individualName>
          <surName>Michael Lyngkjær</surName>
    </individualName>
    <address>
<deliveryPoint>P.O. Box 41, SE-230 53 Alnarp, Sweden</deliveryPoint>    </address>
<phone>+46 (0) 735 138 371</phone><electronicMailAddress>michael.lyngkjaer@nordgen.org</electronicMailAddress>      </contact>

</dataset>

<additionalMetadata>
    <metadata>
      <gbif>
        <dateStamp>2022-09-05T14:31:35Z</dateStamp>
      <citation>Nordic Genetic Resource Center (NORDGEN) (2022). Nordic Genetic Resources. Occurrence dataset https://doi.org/10.15468/3nyx9k accessed via GBIF.org on 2022-09-05.</citation>
              <resourceLogoUrl>https://www.nordgen.org/wp-content/uploads/2019/10/cropped-nord-gen-logotype-300x300.png</resourceLogoUrl>
      </gbif>
    </metadata>
</additionalMetadata>

</eml:eml>
