<?xml version="1.0" encoding="utf-8"?>
<eml:eml xmlns:eml="eml://ecoinformatics.org/eml-2.1.1" xmlns:xsi="http://www.w3.org/2001/XMLSchema-instance"
         xsi:schemaLocation="eml://ecoinformatics.org/eml-2.1.1 http://rs.gbif.org/schema/eml-gbif-profile/1.1/eml.xsd"
        packageId="aaeac10a-b3ae-4e67-9411-6ad32bdabd25"  system="http://gbif.org" scope="system"
  xml:lang="en">

<dataset>
      <alternateIdentifier>10.15468/hcwetj</alternateIdentifier>
        <alternateIdentifier>https://sernecportal.org/portal/collections/misc/collprofiles.php?collid=257</alternateIdentifier>
        <alternateIdentifier>http://www.sernecportal.org/portal/collections/misc/collprofiles.php?collid=257</alternateIdentifier>
        <alternateIdentifier>http://sernecportal.org/portal/collections/misc/collprofiles.php?collid=257</alternateIdentifier>
    <title>Berea College, Ralph L. Thompson Herbarium</title>
    <creator>
<organizationName>SERNEC</organizationName><electronicMailAddress>herrick.brown@gmail.com</electronicMailAddress><onlineUrl>https://sernecportal.org/portal/index.php</onlineUrl>    </creator>
    <metadataProvider>
<organizationName>SERNEC</organizationName><electronicMailAddress>herrick.brown@gmail.com</electronicMailAddress><onlineUrl>https://sernecportal.org/portal/index.php</onlineUrl>    </metadataProvider>
    <associatedParty>
    <individualName>
<givenName>Robert</givenName>          <surName>Pace</surName>
    </individualName>
<positionName>Facilities Admin &amp; Coordinator</positionName><electronicMailAddress>robert.pace@eku.edu</electronicMailAddress>    <role>CONTENT_PROVIDER</role>
    </associatedParty>
      <pubDate>
      2022-09-02
      </pubDate>
    <language>ENGLISH</language>
    <abstract>
        <para>The Ralph L. Thompson Herbarium contains approximately 22,000 specimens. Formerly located at Berea College, it is now permanently housed at Eastern Kentucky University alongside the Ronald L. Jones Herbarium. Together, these two herbaria contain over 100,000 specimens and are the largest collection in Kentucky, and the second largest in the Kentucky-Tennessee region (surpassed only by the University of Tennessee). ​Most specimens are from Kentucky and contiguous states, and nearly all specimens are of vascular plants. A number of important sets of specimens are housed at BEREA, including sets from several published floras, especially of surfaced mined lands. Important collectors include J. R. Abbott, R. A. Gelis, J. D. Pittillo, D. D. Taylor, R. L. Thompson.</para>
    </abstract>
      <intellectualRights>
        <para>This work is licensed under a <ulink url="http://creativecommons.org/licenses/by/4.0/legalcode"><citetitle>Creative Commons Attribution (CC-BY) 4.0 License</citetitle></ulink>.</para>
      </intellectualRights>
      <contact>
<organizationName>Berea College, Ralph L. Thompson Herbarium</organizationName><electronicMailAddress>robert.pace@eku.edu</electronicMailAddress><onlineUrl>https://herbarium.eku.edu/</onlineUrl>      </contact>

</dataset>

<additionalMetadata>
    <metadata>
      <gbif>
        <dateStamp>2022-09-05T14:31:33Z</dateStamp>
      <citation>Ralph L. Thompson Herbarium (Berea) (2022). Berea College, Ralph L. Thompson Herbarium. Occurrence dataset https://doi.org/10.15468/hcwetj accessed via GBIF.org on 2022-09-05.</citation>
      </gbif>
    </metadata>
</additionalMetadata>

</eml:eml>
