<?xml version="1.0" encoding="utf-8"?>
<eml:eml xmlns:eml="eml://ecoinformatics.org/eml-2.1.1" xmlns:xsi="http://www.w3.org/2001/XMLSchema-instance"
         xsi:schemaLocation="eml://ecoinformatics.org/eml-2.1.1 http://rs.gbif.org/schema/eml-gbif-profile/1.1/eml.xsd"
        packageId="b8499ea4-333e-495e-b419-34cb55db1408"  system="http://gbif.org" scope="system"
  xml:lang="en">

<dataset>
      <alternateIdentifier>10.15468/8xf679</alternateIdentifier>
        <alternateIdentifier>https://sernecportal.org/portal/collections/misc/collprofiles.php?collid=271</alternateIdentifier>
    <title>Virginia Polytechnic Institute and State University, Massey Herbarium</title>
    <creator>
<organizationName>SERNEC</organizationName><electronicMailAddress>herrick.brown@gmail.com</electronicMailAddress><onlineUrl>https://sernecportal.org/portal/index.php</onlineUrl>    </creator>
    <metadataProvider>
<organizationName>SERNEC</organizationName><electronicMailAddress>herrick.brown@gmail.com</electronicMailAddress><onlineUrl>https://sernecportal.org/portal/index.php</onlineUrl>    </metadataProvider>
    <associatedParty>
    <individualName>
          <surName>Jordan Metzgar</surName>
    </individualName>
<electronicMailAddress>metzgar@vt.edu</electronicMailAddress>    <role>CONTENT_PROVIDER</role>
    </associatedParty>
      <pubDate>
      2022-08-16
      </pubDate>
    <language>ENGLISH</language>
    <abstract>
        <para>The Massey Herbarium (VPI) at Virginia Tech is an active and growing collection that seeks to represent the floristic diversity of the central Appalachian and Mid-Atlantic regions. Growing from a small teaching collection, the herbarium was established as a state repository in 1927. As of 2015, accessioned vascular plant specimens numbered 108,000. It is estimated that about 65% are from Virginia, the balance from all parts of North American. Groups particularly well represented are ferns (especially Isoetes), Poaceae, Cyperaceae (especially Carex), and Asteraceae (Eupatorium, Packera, Solidago).</para>
    </abstract>
      <intellectualRights>
        <para>This work is licensed under a <ulink url="http://creativecommons.org/licenses/by/4.0/legalcode"><citetitle>Creative Commons Attribution (CC-BY) 4.0 License</citetitle></ulink>.</para>
      </intellectualRights>
      <contact>
<organizationName>Virginia Polytechnic Institute and State University, Massey Herbarium</organizationName><phone>5402315746</phone><electronicMailAddress>metzgar@vt.edu</electronicMailAddress><onlineUrl>http://masseyherbarium.org/</onlineUrl>      </contact>

</dataset>

<additionalMetadata>
    <metadata>
      <gbif>
        <dateStamp>2022-09-05T14:31:39Z</dateStamp>
      <citation>Virginia Tech Massey Herbarium (2022). Virginia Polytechnic Institute and State University, Massey Herbarium. Occurrence dataset https://doi.org/10.15468/8xf679 accessed via GBIF.org on 2022-09-05.</citation>
      </gbif>
    </metadata>
</additionalMetadata>

</eml:eml>
