<?xml version="1.0" encoding="utf-8"?>
<eml:eml xmlns:eml="eml://ecoinformatics.org/eml-2.1.1" xmlns:xsi="http://www.w3.org/2001/XMLSchema-instance"
         xsi:schemaLocation="eml://ecoinformatics.org/eml-2.1.1 http://rs.gbif.org/schema/eml-gbif-profile/1.1/eml.xsd"
        packageId="b89a7f02-021d-4e7a-b19f-575d10578a6d"  system="http://gbif.org" scope="system"
  xml:lang="en">

<dataset>
      <alternateIdentifier>10.15468/9uzqe3</alternateIdentifier>
    <title>The Vascular Plants Collection of the University of Goettingen</title>
    <associatedParty>
    <individualName>
          <surName>Staatliche Naturwissenschaftliche Sammlungen Bayerns – SNSB IT Center, München</surName>
    </individualName>
<electronicMailAddress>snsb-it-center@snsb.de</electronicMailAddress>    <role>TECHNICAL_POINT_OF_CONTACT</role>
    </associatedParty>
    <language>en</language>
    <abstract>
        <para>https://www.uni-goettingen.de/de/herbarium-goet/157034.html</para>
    </abstract>
      <intellectualRights>
        <para>This work is licensed under a <ulink url="http://creativecommons.org/licenses/by/4.0/legalcode"><citetitle>Creative Commons Attribution (CC-BY) 4.0 License</citetitle></ulink>.</para>
      </intellectualRights>
      <distribution scope="document">
          <online>
              <url function="information">http://www.snsb.info/DatabaseClients/GOETvplantscoll/About.html</url>
          </online>
      </distribution>
      <contact>
    <individualName>
          <surName>Appelhans, M.</surName>
    </individualName>
      </contact>

</dataset>

<additionalMetadata>
    <metadata>
      <gbif>
        <dateStamp>2022-09-05T14:31:33Z</dateStamp>
      <citation>Staatliche Naturwissenschaftliche Sammlungen Bayerns. The Vascular Plants Collection of the University of Goettingen. Occurrence dataset https://doi.org/10.15468/9uzqe3 accessed via GBIF.org on 2022-09-05.</citation>
              <resourceLogoUrl>http://www.snsb.info/DatabaseClients/GOETvplantscoll/Pictures/Uni%20Goettingen%20-%20Logo%204c%20RGB%20-%20600dpi.jpg</resourceLogoUrl>
      </gbif>
    </metadata>
</additionalMetadata>

</eml:eml>
