<?xml version="1.0" encoding="utf-8"?>
<eml:eml xmlns:eml="eml://ecoinformatics.org/eml-2.1.1" xmlns:xsi="http://www.w3.org/2001/XMLSchema-instance"
         xsi:schemaLocation="eml://ecoinformatics.org/eml-2.1.1 http://rs.gbif.org/schema/eml-gbif-profile/1.1/eml.xsd"
        packageId="d446193a-7bbd-4c76-b90a-2546fcafa85c"  system="http://gbif.org" scope="system"
  xml:lang="en">

<dataset>
      <alternateIdentifier>10.15468/qwjw7w</alternateIdentifier>
    <title>Herbarium Dresdense</title>
    <associatedParty>
    <individualName>
          <surName>Sarah Wagner</surName>
    </individualName>
    <address>
<deliveryPoint>Zellescher Weg 20b, D-01217 Dresden, Germany</deliveryPoint>    </address>
<phone>+49 (37) 351 463 31497</phone><electronicMailAddress>sarah.wagner@tu-dresden.de</electronicMailAddress>    <role>TECHNICAL_POINT_OF_CONTACT</role>
    </associatedParty>
    <language>en</language>
      <intellectualRights>
        <para>This work is licensed under a <ulink url="http://creativecommons.org/licenses/by/4.0/legalcode"><citetitle>Creative Commons Attribution (CC-BY) 4.0 License</citetitle></ulink>.</para>
      </intellectualRights>
      <distribution scope="document">
          <online>
              <url function="information">http://tu-dresden.de</url>
          </online>
      </distribution>
      <contact>
    <individualName>
          <surName>Frank Müller</surName>
    </individualName>
    <address>
<deliveryPoint>Zellescher Weg 20b, D-01217 Dresden, Germany</deliveryPoint>    </address>
<phone>+49 (37) 351 463 36032</phone><electronicMailAddress>frank.mueller@tu-dresden.de</electronicMailAddress>      </contact>

</dataset>

<additionalMetadata>
    <metadata>
      <gbif>
        <dateStamp>2022-09-05T14:31:36Z</dateStamp>
      <citation>Botanischer Garten, TU Dresden. Herbarium Dresdense. Occurrence dataset https://doi.org/10.15468/qwjw7w accessed via GBIF.org on 2022-09-05.</citation>
              <resourceLogoUrl>https://tu-dresden.de/++theme++tud.theme.webcms2/img/tud-logo.svg</resourceLogoUrl>
      </gbif>
    </metadata>
</additionalMetadata>

</eml:eml>
