<?xml version="1.0" encoding="utf-8"?>
<eml:eml xmlns:eml="eml://ecoinformatics.org/eml-2.1.1" xmlns:xsi="http://www.w3.org/2001/XMLSchema-instance"
         xsi:schemaLocation="eml://ecoinformatics.org/eml-2.1.1 http://rs.gbif.org/schema/eml-gbif-profile/1.1/eml.xsd"
        packageId="10.15468/dl.36qmth"  system="http://gbif.org" scope="system"
  xml:lang="en">

<dataset>
        <alternateIdentifier>0004106-220831081235567</alternateIdentifier>
    <title>GBIF Occurrence Download 10.15468/dl.36qmth</title>
    <creator>
    <individualName>
          <surName>GBIF Download Service</surName>
    </individualName>
<electronicMailAddress>support@gbif.org</electronicMailAddress>    </creator>
    <metadataProvider>
    <individualName>
          <surName>GBIF Download Service</surName>
    </individualName>
<electronicMailAddress>support@gbif.org</electronicMailAddress>    </metadataProvider>
      <pubDate>
      2022-09-05
      </pubDate>
    <language>ENGLISH</language>
    <abstract>
        <para>A dataset containing all occurrences available in GBIF matching the query:
{
  &quot;and&quot; : [
    &quot;MediaType is Image&quot;,
    &quot;TaxonKey is Urtica dioica L.&quot;
  ]
}
The dataset includes records from the following constituent datasets. The full metadata for each constituent is also included in this archive:
1 records from Dataflos
1 records from The Fungal Collection of Helga Große-Brauckmann at the Botanische Staatssammlung München
1 records from Institut Botanic de Barcelona (IBB, CSIC-Ajuntament de Barcelona), BC-Plantae
1 records from ALA species sightings and OzAtlas
1 records from Invertebrate Zoology Division, Yale Peabody Museum
1 records from The Myxomycetes Collections at the Botanische Staatssammlung München - Main Collection
1 records from Clémence Lortet herbarium
1 records from Field Museum of Natural History (Botany)  Seed Plant Collection
1 records from Berea College, Ralph L. Thompson Herbarium
1 records from The Vascular Plants Collection of the University of Goettingen
1 records from Herbarium of Numto Nature Park
1 records from Horti sicci by Siiri Kõljalg
1 records from Earth Guardians Weekly Feed
1 records from Central Siberian Botanical Garden Herbarium (NS, NSK)
1 records from Herbarium specimens of Jardins botaniques and Conservatoire Botanique of Nancy (NCY)
1 records from Herbarium of the State Nature Reserve &quot;Tigireksky&quot; (TIGZ)
1 records from Arkansas Tech University Herbarium
1 records from Collection d&apos;animaux marins et plantes du Museum d&apos;Histoire Naturelle de Nice
1 records from Virtual Herbarium ALTB (South-Siberian Botanical Garden)
1 records from SFV - California State University, Northridge
1 records from FSC - Fresno State Herbarium
1 records from University of Colorado Museum of Natural History Herbarium Vascular Plant Collection
2 records from Vascular plants from European Russia in the CSBG SB RAS Digital herbarium
2 records from RSA - California Botanic Garden Herbarium
2 records from Herbarium specimens of the Muséum d&apos;Histoire Naturelle of Aix-en-Provence (AIX)
2 records from TUR Vascular plant collections of the Turku University, Herbarium Fennoscandicum
2 records from University of Arkansas at Monticello
2 records from Plant Resources Center
2 records from Lord Fairfax Community College Herbarium
2 records from Vascular plant herbarium, The Arctic University Museum of Norway (TROM)
2 records from BoBO - Botanic Garden and Botanical Museum Berlin Observations
2 records from Dinosaur National Monument Herbarium
2 records from Hollister Herbarium at TN Tech University
2 records from SANT Herbarium vascular plants collection
2 records from Digitization of plant specimens from Rhoen and Vogelsberg (FLAD)
2 records from Mississippi State University
2 records from Vascular Plant Herbarium, UiB
2 records from TKM Herbarium: Tula Oblast collections of vascular plants
3 records from University of Alabama Herbarium
3 records from Water Colours of Fungi by Konrad Schieferdecker at the Botanische Staatssammlung München
3 records from Nordic Genetic Resources
3 records from Jardin Botanique de Lyon
3 records from E. C. Smith Herbarium (ACAD) - Cape Breton University Collection
3 records from CHSC - CSU Chico, Chico State Herbarium - Vascular Plants
3 records from University of Manitoba Herbarium (WIN) - Vascular Plant Collection
3 records from DAV - UC Davis Herbarium
3 records from Royal Botanic Gardens, Kew - Herbarium Specimens
3 records from Herbarium specimens of CBNA (GAP)
3 records from Marie-Victorin Herbarium (MT) - Plantes vasculaires
3 records from University of Vienna, Institute for Botany - Herbarium WU
3 records from University of Central Arkansas Herbarium
4 records from Colorado State University, Charles Maurer Herbarium
4 records from Collection contest
4 records from Muséum d&apos;histoire naturelle de Nîmes
4 records from Oregon State University Vascular Plant Collection
4 records from India Biodiversity Portal publication grade dataset
4 records from Herbarium Dresdense
4 records from Eastern Kentucky University, Ronald L. Jones Herbarium
4 records from Arizona State University Vascular Plant Herbarium
4 records from Naturalis Biodiversity Center (NL) - Paleontology
4 records from Herbier Louis-Marie (QFA) - Collection de plantes vasculaires
4 records from Herbarium of The Ark Nature Centre
4 records from Muséum des Volcans
4 records from Herbarium GAT
4 records from UCSC Herbarium - Kenneth S. Norris Center for Natural History, University of California Santa Cruz
5 records from CSIC-Real Jardín Botánico-Colección de Plantas Vasculares (MA)
5 records from Botany Division, Yale Peabody Museum
5 records from University of Jena, Herbarium Haussknecht - Herbarium JE
5 records from University of British Columbia Herbarium (UBC) - Vascular Plant Collection
5 records from Clemson University Herbarium
5 records from CSLA - Cal State LA Herbarium
5 records from Colorado Mesa University, Walter A. Kelley Herbarium
5 records from Louisiana State University, Shirley C. Tucker Herbarium - Vascular Plants
5 records from TUL Herbarium: Tula Oblast collections of vascular plants
5 records from Steiermärkisches Landesmuseum Joanneum - Herbarium GJO
5 records from North Carolina State University Vascular Plant Herbarium
5 records from The Exsiccatal Series &quot;Triebel, Microfungi exsiccati&quot;
6 records from Photographs of higher plants, mosses, fungi, lichens, and algae
6 records from Allan Herbarium (CHR)
6 records from University of Vermont, Pringle Herbarium
6 records from &quot;Flora of Russia&quot; on iNaturalist: a trusted backlog
6 records from The Fungal Collection at the Botanische Staatssammlung München
6 records from Natural History Museum, Vienna - Herbarium W
7 records from Collections and observation data National Museum of Natural History Luxembourg
7 records from Western Carolina University Herbarium
7 records from University of South Florida Herbarium (USF)
7 records from University of New Mexico Herbarium
7 records from Deaver Herbarium (Northern Arizona University)
7 records from Central Michigan University Herbarium
7 records from Desert Botanical Garden Herbarium
7 records from Muséum d’histoire naturelle du Mans
8 records from Bell Museum plants
8 records from University of Florida Herbarium (FLAS)
8 records from Collections of Bioclass, school #179, Moscow
8 records from OBI - Robert F. Hoover Herbarium, Cal Poly State University
8 records from Herbarium specimens of Société des Sciences Naturelles et Mathématiques de Cherbourg (CHE)
9 records from TULGU Herbarium: Tula Oblast collections of vascular plants
9 records from Tallinn Botanic Garden
9 records from University of Lethbridge Herbarium (LEA)
9 records from Tropicos Specimen Data
10 records from Virginia Polytechnic Institute and State University, Massey Herbarium
11 records from George Mason University, Ted R. Bradley Herbarium
11 records from Occurrence Data of Vascular Plants collected or compiled for the Flora of Bavaria
12 records from Löydös Open Finnish Observation Database
12 records from Herbarium Senckenbergianum (FR)
12 records from Staten Island Museum
13 records from Black Hills State University Herbarium
13 records from Biodiversity4all Research-Grade Observations
15 records from Rutgers University, Chrysler Herbarium
15 records from Herbarium Horti Botanici Pisani (PI), Sistema Museale di Ateneo, Università di Pisa
15 records from University of Georgia Herbarium
16 records from The Erysiphales Collection at the Botanische Staatssammlung München
17 records from International Barcode of Life project (iBOL)
17 records from KUZ Herbarium: collections of vascular plants
19 records from OAC-BIO Herbarium
20 records from Vascular plants in Danish coastal meadows
21 records from E. C. Smith Herbarium (ACAD)
22 records from Lajitietokeskus/FinBIF - Notebook, general observations
22 records from Intermountain Herbarium (Vascular plants &amp; algae)
23 records from MVSC; The James C. Parks Herbarium at Millersville University
25 records from University of Tennessee Vascular Herbarium
25 records from Natural History Museum (London) Collection Specimens
27 records from SBBG - Clifton Smith Herbarium, Santa Barbara Botanic Garden
29 records from Herbário João de Carvalho e Vasconcellos, I.S.A./U.L.
29 records from Herbarium Berolinense, Berlin (B)
31 records from Estonian Naturalists’ Society
31 records from University of North Carolina at Chapel Hill Herbarium: Vascular Plants
33 records from Kathryn Kalmbach Herbarium
33 records from Royal Botanic Garden Edinburgh Herbarium (E)
36 records from UCR - University of California, Riverside Herbarium - Vascular Plants
37 records from Estonian Museum of Natural History Department of Botany
47 records from United Herbaria of the University and ETH Zurich
48 records from University of Tartu Natural History Museum and Botanical Garden Botanical Collections
49 records from MHA Herbarium: collections of vascular plants
58 records from Images and observations of mostly edible plants in Stephen Barstow’s Edible Garden in Norway, taken between 2005 and 2014
68 records from Herbarium specimens of Université de Montpellier 2, Institut de Botanique (MPU))
79 records from Carnegie Museum of Natural History Herbarium
79 records from UAM Herbarium (ALA), Vascular Plant Collection (Arctos)
81 records from P herbarium - Muséum national d’histoire naturelle, Paris - Amostras Brasileiras Repatriadas - Herbário Virtual REFLORA
92 records from University of Michigan Herbarium
96 records from The New York Botanical Garden Herbarium (NY)
105 records from McGill University Herbarium Database
116 records from Vascular Plant Herbarium: Herbarium Generale
131 records from Université Lyon 1
131 records from Estonian University of Life Sciences Institute of Agricultural and Environmental Sciences Vascular Plant Herbarium
155 records from Meise Botanic Garden Herbarium (BR)
176 records from Species recordings from the Danish National portal Arter.dk
177 records from Artportalen (Swedish Species Observation System)
180 records from Vascular plant herbarium TRH, NTNU University Museum
214 records from Academy of Natural Sciences of Drexel University
330 records from Norwegian Species Observation Service
429 records from Moscow University Herbarium (MW)
448 records from Vascular Plant Herbarium, Oslo (O) UiO
511 records from The vascular plants collection (P) at the Herbarium of the Muséum national d&apos;Histoire Naturelle (MNHN - Paris)
618 records from Harvard University Herbaria: All Records
633 records from Naturalis Biodiversity Center (NL) - Botany
2410 records from Pl@ntNet observations
9219 records from Observation.org, Nature data from around the World
41130 records from iNaturalist Research-grade Observations</para>
    </abstract>
      <contact>
    <individualName>
          <surName>GBIF Download Service</surName>
    </individualName>
<electronicMailAddress>support@gbif.org</electronicMailAddress>      </contact>

</dataset>

<additionalMetadata>
    <metadata>
      <gbif>
        <dateStamp>2022-09-05T14:31:51Z</dateStamp>
      <citation identifier="10.15468/dl.36qmth">GBIF Occurrence Download 10.15468/dl.36qmth</citation>
              <physical>
                  <objectName>Darwin Core Archive</objectName>
                  <characterEncoding>UTF-8</characterEncoding>
                  <dataFormat>
                      <externallyDefinedFormat>
                          <formatName>Darwin Core Archive</formatName>
                      </externallyDefinedFormat>
                  </dataFormat>
                  <distribution>
                      <online>
                          <url function="download">https://api.gbif.org/v1/occurrence/download/request/0004106-220831081235567.zip</url>
                      </online>
                  </distribution>
              </physical>
      </gbif>
    </metadata>
</additionalMetadata>

</eml:eml>
