<?xml version="1.0" encoding="utf-8"?>
<eml:eml xmlns:eml="eml://ecoinformatics.org/eml-2.1.1" xmlns:xsi="http://www.w3.org/2001/XMLSchema-instance"
         xsi:schemaLocation="eml://ecoinformatics.org/eml-2.1.1 http://rs.gbif.org/schema/eml-gbif-profile/1.1/eml.xsd"
        packageId="859445c2-f762-11e1-a439-00145eb45e9a"  system="http://gbif.org" scope="system"
  xml:lang="en">

<dataset>
      <alternateIdentifier>10.15468/342g8j</alternateIdentifier>
        <alternateIdentifier>1447</alternateIdentifier>
    <title>Water Colours of Fungi by Konrad Schieferdecker at the Botanische Staatssammlung München</title>
    <associatedParty>
    <individualName>
          <surName>Staatliche Naturwissenschaftliche Sammlungen Bayerns – SNSB IT Center, München</surName>
    </individualName>
<electronicMailAddress>snsb-it-center@snsb.de</electronicMailAddress>    <role>TECHNICAL_POINT_OF_CONTACT</role>
    </associatedParty>
    <language>en</language>
    <abstract>
        <para>http://www.botanischestaatssammlung.de/DatabaseClients/BSMschiefcoll/About.cfm</para>
    </abstract>
      <intellectualRights>
        <para>This work is licensed under a <ulink url="http://creativecommons.org/licenses/by/4.0/legalcode"><citetitle>Creative Commons Attribution (CC-BY) 4.0 License</citetitle></ulink>.</para>
      </intellectualRights>
      <distribution scope="document">
          <online>
              <url function="information">http://www.botanischestaatssammlung.de/DatabaseClients/BSMschiefcoll/About.cfm</url>
          </online>
      </distribution>
      <contact>
    <individualName>
          <surName>Dagmar Triebel</surName>
    </individualName>
<electronicMailAddress>triebel@snsb.de</electronicMailAddress>      </contact>

</dataset>

<additionalMetadata>
    <metadata>
      <gbif>
        <dateStamp>2022-09-08T13:18:29Z</dateStamp>
      <citation>Staatliche Naturwissenschaftliche Sammlungen Bayerns. Water Colours of Fungi by Konrad Schieferdecker at the Botanische Staatssammlung München. Occurrence dataset https://doi.org/10.15468/342g8j accessed via GBIF.org on 2022-09-08.</citation>
              <resourceLogoUrl>http://pictures.snsb.info/Logos/BSM/bot-staatss-muc-wbm.png</resourceLogoUrl>
      </gbif>
    </metadata>
</additionalMetadata>

</eml:eml>
